"Player","Total Games","Games Won","Games Lost","Average Score","Winning Percentage","Pos 1","Pos 2","Pos 3","Pos 4","Pos 5","Pos 6"
"Le bot aléatoire 1","500000","6007","493993","9.809564","1.2014","6007","15159","32775","79324","153916","212819"
"Le bot malin 2","500000","191511","308489","21.970756","38.3022","191511","116201","98274","59517","24907","9590"
"Le bot custom 3","500000","7649","492351","10.231362","1.5298","7649","14362","33099","86782","174400","183708"
"Le bot Richard 4","500000","177120","322880","21.98582","35.424","177120","120764","109467","62563","23149","6937"
"Le bot builder 5","500000","34050","465950","15.306006","6.81","34050","77287","101144","129403","87069","71047"
"Le bot opportuniste 6","500000","83663","416337","19.813232","16.7326","83663","156227","125241","82411","36559","15899"
