"Player","Total Games","Games Won","Games Lost","Average Score","Winning Percentage","Pos 1","Pos 2","Pos 3","Pos 4","Pos 5","Pos 6"
"Le bot malin 1","55","2","53","20.237019710534394","3.6363636363636362","2","8","6","13","12","14"
"Le bot malin 2","55","4","51","19.9054730986087","7.2727272727272725","4","5","14","10","9","13"
"Le bot malin 3","55","6","49","19.173958116306576","10.909090909090908","6","6","9","12","15","7"
"Le bot malin 4","55","14","41","20.205471141007713","25.454545454545453","14","11","11","6","8","5"
"Le bot malin 5","55","14","41","20.465556869399425","25.454545454545453","14","10","6","8","5","12"
"Le bot malin 6","55","15","40","20.683389309787152","27.27272727272727","15","15","9","6","6","4"
