"Player","Total Games","Games Won","Games Lost","Average Score","Winning Percentage","Pos 1","Pos 2","Pos 3","Pos 4","Pos 5","Pos 6"
"Le bot malin 1","550000","32763","517237","22.012815446403458","5.956909090909091","32763","60101","84834","110064","132142","130096"
"Le bot malin 2","550000","52712","497288","22.030753067257887","9.584","52712","78502","95400","105842","111052","106492"
"Le bot malin 3","550000","74235","475765","22.045447209475476","13.497272727272728","74235","91430","97409","98363","95054","93509"
"Le bot malin 4","550000","98588","451412","22.062059038170826","17.92509090909091","98588","101761","96601","89364","81851","81835"
"Le bot malin 5","550000","128199","421801","22.08344874914966","23.30890909090909","128199","109637","92165","78918","69911","71170"
"Le bot malin 6","550000","163503","386497","22.11263952678571","29.727818181818183","163503","108569","83591","67449","59990","66898"
