"Player","Total Games","Games Won","Games Lost","Average Score","Winning Percentage","Pos 1","Pos 2","Pos 3","Pos 4","Pos 5","Pos 6"
"Le bot malin 1","50000","15901","34099","21.70884","31.802000000000003","15901","13688","12262","5566","2107","476"
"Le bot malin 2","50000","14883","35117","21.23622","29.766","14883","14154","12262","5694","2272","735"
"Le bot malin 3","50000","17180","32820","22.04726","34.36","17180","15586","9766","4491","2105","872"
"Le bot custom 4","50000","1322","48678","12.1777","2.644","1322","3541","7565","15130","14525","7917"
"Le bot custom 5","50000","584","49416","10.81556","1.168","584","2232","5778","12928","16515","11963"
"Le bot custom 6","50000","130","49870","7.84764","0.26","130","799","2367","6191","12476","28037"
