"Player","Total Games","Games Won","Games Lost","Average Score","Winning Percentage","Pos 1","Pos 2","Pos 3","Pos 4","Pos 5","Pos 6"
"Le bot malin 1","2000","574","1426","12.990768175582993","28.7","574","604","562","197","55","8"
"Le bot malin 2","2000","585","1415","13.00093004115226","29.25","585","627","463","193","97","35"
"Le bot malin 3","2000","771","1229","13.0259012345679","38.550000000000004","771","517","348","192","97","75"
"Le bot custom 4","2000","48","1952","12.68314814814815","2.4","48","136","300","663","594","259"
"Le bot custom 5","2000","19","1981","11.998055555555554","0.95","19","84","227","536","693","441"
"Le bot custom 6","2000","3","1997","11.273","0.15","3","32","100","219","464","1182"
