"Player","Total Games","Games Won","Games Lost","Average Score","Winning Percentage","Pos 1","Pos 2","Pos 3","Pos 4","Pos 5","Pos 6"
"Le bot malin 1","100000","6076","93924","18.57393","6.0760000000000005","6076","10885","15688","20032","23733","23586"
"Le bot malin 2","100000","9657","90343","19.47493","9.657","9657","14463","17207","19126","20232","19315"
"Le bot malin 3","100000","13615","86385","20.21452","13.614999999999998","13615","16786","17724","17766","17240","16869"
"Le bot malin 4","100000","18104","81896","20.97161","18.104","18104","18375","17685","16216","14756","14864"
"Le bot malin 5","100000","23370","76630","21.73035","23.369999999999997","23370","19621","16530","14351","12885","13243"
"Le bot malin 6","100000","29178","70822","22.4569","29.177999999999997","29178","19870","15166","12509","11154","12123"
