"Player","Total Games","Games Won","Games Lost","Average Score","Winning Percentage","Pos 1","Pos 2","Pos 3","Pos 4","Pos 5","Pos 6"
"Le bot malin 1","500000","83461","416539","20.863604","16.6922","83461","82800","83437","83372","83170","83760"
"Le bot malin 2","500000","83766","416234","20.871322","16.7532","83766","83005","83172","83174","83503","83380"
"Le bot malin 3","500000","83222","416778","20.87486","16.6444","83222","83610","83190","83562","83234","83182"
"Le bot malin 4","500000","82956","417044","20.867148","16.5912","82956","83715","83413","83085","83618","83213"
"Le bot malin 5","500000","83021","416979","20.868862","16.6042","83021","83420","83427","83562","83120","83450"
"Le bot malin 6","500000","83574","416426","20.876626","16.7148","83574","83450","83361","83245","83355","83015"
